name,role_raw,type_llm
Jane GOODALLOVÁ,britská primatoložka,M3
Adolf ŠLÁR,praktikuje očistné kúry učitel z,M4
Vilma PARTYKOVÁ,propaguje hladovku a léčbu urinoterapií,M4
Miloš MENDEL,arabista islamolog,M3
Kateřina CAJTHAMLOVÁ,internistka psychoterapeutka odbornice na výživu,M3
Michaela VALACHOVÁ,hydrometeoroložka,M3
Martin PAVEL,zpracovatel studie kanálu,M1
Martin TOPINKA,astrofyzik,M3
Hynek BLAŠKO,generálmajor ve výslužbě,M6
Ladislav MACHALA,infekcionista infekční klinika,M3
Pavel PUNČOCHÁŘ,sekce vodního hospodářství,M5
Václav BĚLOHRADSKÝ,filosof a sociolog,M3
Traian URBAN,hispanista,M3
Pavel PODRUH,laureát ceny,M2
Martin LEIŠ,spolumajitel penzionu na,M5
Ivanna ILLYENKO,emeritní sólistka baletu,M2
Jaroslav ŠTEFEC,exředitel,M5
Martin KLOZ,konzultant v oblasti energetiky,M5
Ondřej HEJMA,amerikanista publicista hudebník,M1
Barbara WINTONOVÁ,dcera,M2
Milan KNÍŽÁK,výtvarník bývalý ředitel,M2
Lubomír HAŠLÍK,operující lékař,M3
Pavel KALENDA,seismolog a klimaskeptik,M3
Pavel KRČ,oddělení složitých systémů,M5
Petra JELÍNKOVÁ,předkladatelka aktivistka hnutí,M5
Tomáš HAAS,politický konzultant bývalý poradce,M5
Vladimír BAAR,politický a kulturní geograf,M3
Petr PITHART,expremiér bývalý předseda,M6
Zbyněk HRKAL,hydrogeolog,M3
Tomáš HRNČÍŘ,motoristický novinář,M1
Lesy ČR,živě,SKIP
Martin MARGOLD,geomorfolog,M3
Martina JURIGOVÁ,zdravotní sestra,M2
Daniel PITEK,soukromý sedlák a lesník,M2
Vítězslav KREMLÍK,překladatel klimaskeptik z,M4
Dana FEMINOVÁ,organizace,M5
Tomáš HAAS,politický konzultant publicista,M1
Pavel PAFKO,emeritní přednosta,M6
Ota MACHÁČEK,výčepní restaurace,M2
Tomáš NAHODIL,advokát,M5
Věra JOUROVÁ,eurokomisařka,M6
Aleš FARDA,oddělení klimatického modelování,M3
Karel SCHWARZENBERG,čestný předseda strany,M6
Pavel PUNČOCHÁŘ,vrchní ředitel sekce vodního hospodářství,M6
Jakub LUDVÍK,umělecký fotograf fotí modelky do,M2
Marcela VLADAŘOVÁ,k anorexii ji přivedl zdravý,SKIP
Ondřej JONÁŠ,investiční bankéř,M5
Slavomír GOGA,chargé d affaires v,M6
Greta THUNBERGOVÁ,švédska ekologická aktivistka,M5
Barbora CHATTOVÁ,algoložka,M3
Tomáš NEŘOLD,pověřen vedením samostatného oddělení,SKIP
Libor JANEČKA,pěstitel brambor,M2
Martin KUBA,jihočeský hejtman a předseda,M6
Karel KOVÁŘ,alias,SKIP
Linda NEDBALOVÁ,hydrobioložka,M3
Petr ŠTĚPÁNEK,exstarosta a zastupitel,M6
Martin BARRY,architekt ředitel festivalu reSITE,M5
Miloš VONDRUŠKA,pražský včelař,M2
Kristina LARISCHOVÁ,generální konzulka,M6
Karel DRBAL,hydrogeolog,M3
Petr LEYER,právník,M5
Františka ČÍŽKOVÁ,módní kritička,M1
Miroslava NERADOVÁ,organizátorka petice proti zákazu kouření,M5
Pavel PUNČOCHÁŘ,sekce vodního hospodářství ministerstvo zemědělství,M6
Hnutí DUHA,jejich výzvu podepsalo,SKIP
Nemeškalová ROSINOVÁ,právnička,M5
Petr MÁRA,youtuber,M2
Jan KRAJHANZL,sociální a environmentální psycholog,M3
Josef SOUKUP,agroekolog fakulta agrobiologie,M3
Ivan HLADÍK,pracuje se seniory,M2
Andrej BABIŠ,český premiér,M6
Bronislav BECHNÍK,redakce obnovitelných energií,M1
Pavel PUNČOCHÁŘ,vrchní rada sekce vodního hospodářství,M6
Zdeněk KALVACH,geriatr předseda správní rady,M3
Zdeněk ŽALUD,pedagog a vědec,M3
Martin SALAJKA,letecký publicista,M1
Josef HÁJEK,odborný asistent,M3
Jan RŮŽIČKA,mikrobiolog,M5
Kateřina OSIČKOVÁ,týmová lídryně dobrovolníci organizace,M2
Jiří SLOVÁČEK,hraboši poškozený zemědělec ze,M5
Petr HAVEL,zemědělský analytik,M5
Katrín JAKOBSDÓTTIROVÁ,islandská premiérka,M6
Lukáš KAUCKÝ,český velvyslanec v,M6
David ČERNÝ,etik filozof,M3
Tomáš POSPÍŠIL,pověřený řízením podniku,M5
Brna ODS,živě,SKIP
Petr HRADECKÝ,vulkanolog geolog,M3
Donald TRUMP,zvolený prezident,M6
Kovy KOVÁŘ,youtuber,M2
Joko WIDODO,indonéský prezident,M6
Karolína FARSKÁ,organizátorka iniciativy,M5
Jan VEVERA,přednosta,M6
Jan TRNKA,lékař biochemik,M3
Radim POLČÁK,prorektor pro rozvoj legislativu a,M6
Milan ŠAFÁŘ,sportovní psycholog,M3
Wolfgang ISCHINGER,organizátor konference,M5
David SVOBODA,ukrajinista,M3
Jarmila RÁŽOVÁ,hlavní hygienička,M6
Petr MIŇOVSKÝ,podplukovník ve výslužbě,M1
Petr KAMBERSKÝ,šéfkomentátor,M1
Pavel KINDLMANN,populační ekolog,M3
Greta THUNBERGOVÁ,enviromentální aktivistka,M5
Conie HADEGAARDOVÁ,eurokomisařka pro klima,M6
Tim JARVIS,badatel,M3
Arif TURHAN,potápěč,M2
Tomáš HALÍK,teolog filozof držitel,M3
Josef ŠTULC,památkář,M5
Petra JELÍNKOVÁ,překladatelka aktivistka hnutí,M5
Elena KOHÚTIKOVÁ,bývalá viceguvernérka,M6
Matyáš CHOCHOLA,vizuální umělec,M2
Tomáš LETOCHA,ovocnář,M2
Judita PETRŽELKOVÁ,primatoložka,M3
Tomáš POSPÍŠIL,pověřený řízením,M6
Tomáš PFEILER,portfolio manažer,M5
Daniel KOLSKÝ,kavárník,M2
Joe BIDEN,nově zvolený prezident,M6
Danuše VYMĚTALOVÁ,spolumajitelka biofarmy,M2
Miloš VYSTRČIL,senátní výbor pro územní rozvoj,M6
Ivo POKORNÝ,ovocnář,M2
Konference OSN,o změnách klimatu,SKIP
Volodymyr ZELENSKYJ,ukrajinský prezident,M6
Zdeněk KUKAL,oceánolog,M3
Ivan ŠTAMPACH,religionista,M3
Daniel POUAKOUYOU,oblastní poradce program životního prostředí,M5
David HOLLAND,oceánolog a vědec,M3
Jiří DAVID,vizuální umělec iniciátor protestu,M2
Luca PARMITANO,italský astronaut,SKIP
Konference OSN,o klimatu,M3
Martin MOŽNÝ,agrometeorolog klimatolog,M6
Der LEYENOVÁ,budoucí předsedkyně,M3
Adam SUCHÝ,klinický psycholog,M6
Ivan BARTOŠ,krajinný ekolog,M3
Věra JOUROVÁ,eurokomisařka pro spravedlnost,M2
Václav ŠVAMBERK,včelař,M3
Ondřej KLIMEŠ,synolog,M5
Jan MUSIL,místopředstavenstva,M5
Olga CIESLAROVÁ,organizátorka akce iniciativa,M3
Barbora VESELÁ,rostlinná fyzioložka,M3
Karel KLEM,ekofyziolog,M5
Jan PALAŠČÁK,podnikatel,M2
Irena CHLEBOUNOVÁ,středoškolská profesorka,M5
Naděžda JOHANISOVÁ,environmentalistka,M3
Paul THOMAS,autor studie výzkumník,M3
Josef JAŘAB,amerikanista literární vědec,M3
Michael BLOOMBERG,zvolený starosta,M6
Jude WALKER,jedenáctiletý aktivista,M2
Jiří NOHEL,lesní správce,M5
Summit OSN,svolal generální tajemník organizace,SKIP
Jiří PONDĚLÍČEK,amerikanista,M3
David ATTENBOROUGH,dokumentarista,M1
Petr DOUBRAVSKÝ,organizátor protestu,M5
Jakub FINGER,zahradní architekt,M5
Victorien ERUSSARD,kapitán lodi,M2
Martin VEČEŘA,hlavní autor studie,M3
Michal VELIČKA,marketingový manažer,M5
Jodi SAUNDERSOVÁ,operátorka rypadla,M2
Josef BULKA,hlavní dispečer zimní údržby,M5
Barbora PAFČO,parazitoložka,M3
Christophe DELACHAT,horský průvodce,M2
Tomáš ŘÍHA,organizátor protestu,M5
Josef PULÍČEK,spolumajitel,M5
George DOWDLE,pěstitel ústřic,M2
Jakub LEPŠ,amerikanista,M3
Ondřej KOBZA,kavárník,M2
Rainer EPPELMANN,bývalý disident,M2
Pavlína MIKULKOVÁ,odborná pracovnice institut,M3
Petr STRNADEL,uživatel uhelného kotle,M2
Jakub KULHÁNEK,český ministr zahraničí,M6
Alexandr SOKOLOV,badatel,M3
Zdeněk VACEK,autor výzkumu klíšťat,M3
Ismail YILDIZ,hoteliér,M5
Oldřich MIKULICA,fotograf a ornitolog,M3
Zuzana ŽÁČKOVÁ,pečovatelka,M2
Dominika POSPÍŠILOVÁ,tiskové oddělení ministerstva životního prostředí,M1
Nikol PAŠINJAN,arménský premiér,M6
Claude TURMES,lucemburský ministr životního prostředí,M6
Petr KRATOCHVÍL,pražský,SKIP
Jaime RICHARDSOVÁ,strážkyně,M2
Klaus SCHWAB,organizátor,M5
Filip HARTVICH,geomorfolog,M3
Federica MOGHERINIOVÁ,šéfka evropské diplomacie,M6
Fallon HOVERSONOVÁ,operátorka techniky,SKIP
Petr MODLITBA,malíř a ilustrátor,M2
Jim SKEA,spolupředseda pracovní skupiny,M3
Aziz MEKOUAR,hlavní vyjednavač klimatické konference,M6
Jerzy DEMSKI,odborový předák,M5
Anna ZÁDRAPOVÁ,sinoložka,M3
David GARDÁŠ,sinolog spolupracovník projektu,M3
Kevin BALES,právník,M5
Stacey MULLEROVÁ,operátorka rypadla,SKIP
Summit OSN,o klimatu,SKIP
Tomáš KOLÁŘ,dendrochronolog,M3
Miloš JAHODA,kapitán lodě,M2
David RATH,nepravomocně odsouzený,M2
Aram RADOMSKI,disident,M2
Deana KOLENČÍKOVÁ,umělkyně,M2
Konference OSN,o klimatických změnách,SKIP
Jiří GRODA,zastupující ředitel lesního a vodního,M5
Programu OSN,pro životní prostředí,SKIP
Angela MERKELOVÁ,nemecká kancelárka,M6
Anja FJALLGRENOVÁ,chovatelka sobů a expertka na,M3
Miroslav HORÁK,malovinař,M2
Jan SAUDEK,fotograf,M2
Ochirtogtoh TSEDENORGIH,pastevec,M2
Eva JENÍKOVÁ,krajinářský architekt,M3
Olga ŠKOPKOVÁ,alergoložka,M3
Donald TUSK,končící předseda,M6
Radovan KVAPIL,stavbyvedoucí,M2
Jan VOPRAVIL,půdoznalec,M3
Radek ORT,provozní,M2
Jan SOUKUP,obchodník,M2
Raylene BROWNOVÁ,kuchařka,M2
Edward KING,geofyzik,M3
Odsuren BUUVEIBAATAR,nezisková organizace,M5
Olaf SCHOLZ,kancléřský kandidát,M6
Tereza PROKOPOVÁ,parazitoložka,M3
Christina KOCHOVÁ,americká astronautka,M2
Josef LÉTAL,obec,M6
Joe BIDEN,zvolený americký prezident,M6
Aleš VAVŘINA,rybníkářství,M2
Mnatsi MARAU,nový vyznavač veganství,M4
Princ CHARLES,nástupce britského trůnu,M6
Philippe WAECHTER,vrchní ekonom,M5
Petr ZAJÍC,portfolio manažer,M5
Pradipta BARUAH,správce parku,M5
Jindřich MACHALA,kronikář,M1
David ČERNÝ,výtvarník zdroj,M2
Ema OSTŘÍŽKOVÁ,spoluorganizátorka akce,M5
Michel BARNIER,vyjednavač,M6
Petr ŠLEGR,dopravní konzultant,M5
Oliver STEEDS,výzkumný ústav,M5
Zuzana ŠEBELÍKOVÁ,hlavní vychovatelka,M5
Ústavní SOUD,rozhodnutí,SKIP
Lukáš RYCHTECKÝ,kastelán zámku,M2
Členové KDU ČSL,na sjezdu zvolí své nové,SKIP
Šéf OSN,je ovšem i nadále velmi,SKIP
Zdeněk VACEK,designér šperků,M2
Marcel RAYNAUD,chovatel závodních býků,M2
Podle OSN,už před válkou uprchlo do,SKIP
David HACKENBERG,včelař místopředseda včelař,M2
Saša ŠTŘELCOVÁ,iniciativa,M5
Patrick MALONEY,demokratický kongresman rodinný přítel,M6
Ferdinand DUDENH FFER,automobilový expert,M5
Franziska WESSELOVÁ,organizátorka protestů,M5
Fred SPOOR,paleontolog,M3
Patrick MALONEY,demokratický kongresman přítel,M6
Gaelle DAHERON,vinařství,M5
Jim CLARK,horozelec,M2
González IŇÁRRITU,režisér,M2
Jan BLAHŮT,geomorfolog,M3
Dalia GRYBAUSKAITÉOVÁ,litevská prezidentka,M6
Sophie BACKSENOVÁ,stěžovatelka,M2
Stefano VIANELLO,restaurátor,M5
Soňa VALUCHOVÁ,odborná pracovnice institut,M5
Jiří HUML,provozní ředitel,M5
Milan DVOŘÁK,rusista,M3
Milan GRYNDLER,mykolog,M3
Galerie PLATO,osidluje nové prostory postupně,SKIP
Joe BIDEN,zvolený prezident,M6
Milan CAIS,výtvarník a hudebník,M2
Clive PALMER,stavitel,M5
Tim LANG,spoluautor studie,M3
Tomáš PFEILEF,portfolio manažer,M5
Chris COCKEL,manažel sběru semen,M5
Tomáš CZERNIN,nově zvolený,M6
Josef SEJÁK,enviromentální ekonom člen,M3
Josef PROCHÁZKA,podnikatel zemědělský hospodář,M5
Dave ZANIVONI,kapitán hasičské jednotky v okrese,M5
Michal JAKOUBEK,pěstitel,M2
Joquín ROA,paraguayský ministr pro národní bezpečnost,M6
Michael NEČAS,statik,M3
Michael PROVENCHER,evakuovaný z,M2
Ting JIN CHUA,pastýřka,M2
Jose HIDALDO,ochránce přírody,M5
Jiří MÍKA,organizátor petice,M5
Dany KOLSKÝ,kavárník a obchodník s kávou,M2
Milan POLEDNÍK,demograf,M3
Michal DOŠEK,oddělení výzkumu a vývoje,SKIP
Tomáš DANĚK,environmentalista,M5
Karel BŘEZINA,dispečer,M2
Ladislav TŘEŠTÍK,myslivec,M2
Mauricio MACRI,argeninský prezident,M6
Kamil PARUCH,hlavní řešitel projektu,M5
Šéf OSN,o dopadu pandemie,SKIP
Petr KORHON,obchodník,M2
Marek LAHODA,doktorský student fyzické geografie,M3
Vojtěch ADAM,tehdejší i současný jihomoravský lídr,M6
Tomáš RENDLA,správce stopy,M2
Tomáš MED,architekt,M2
Jacinda ARDERNOVÁ,novozélandská premiérka,M6
Vladimír JANATA,autor projektu statik,M5
Kromě USA,dohodu odmítají už jenom,SKIP
Arias CANETE,eurokomisař pro energetiku a ochranu,M6
Arnold SCHWARZENEGGER,bývalý kalifornský guvernér,M6
Audun SALTE,chovatel psů,M2
Peter KEREKES,režisér,M2
Melinda GATESOVÁ,manželka,M2
Petr BIRKLEN,environmentální expert,M5
Petr BROŽ,planetolog,M3
Vasilij ROGATYČ,škola námořní plavby,M2
Al SHARPTON,reverend aktivista poradce prezidenta,M6
Akgun ILHANOVÁ,hydroložka,M3
Petr BIRKLEN,enviromentální expert,M5
George DURNER,spoluautor studie publikované v časopise,M3
Uwe MARTH,včelař z berlínské katedrály,M2
Laetitia HEDOUINOVÁ,francouzské,SKIP
Mark FAHERTY,záchranná stanice ve,SKIP
Joseph CHRISTIAN,osoba,M1
Martin SIEGERT,pedagog,M6
Tomáš TUHÝ,policejní prezident,M2
Lukáš KUNST,kastelán hradu,M2
Lukáš KOVÁR,porybný,M2
Toni DOHERTYOVÁ,zachránkyně koaly,M3
Martina HÁJKOVÁ,spoluautorka výzkumu,M3
Martin HAVLÍČEK,veterinář žijící v,M2
Matyáš ŠANDA,autor projektu,M5
Pekarová ADAMOVÁ,nově zvolená předsedkyně strany poslankyně,M6
Jair BOLSONARO,brazílsky prezident,M6
Andy RIVKIN,planetární astronom,M3
Malu DREYEROVÁ,úřadující premiérka v,M6
Bernie SANDERS,uchazeč demokratů o prezid,M6
Marek SLÁMA,skladník,M2
Lolepo TETILE,honák,M2
Richard NETOPIL,lesní dělník,M2
Petr DIFKO,chovatel korýšů,M2
Sammie APLINOVÁ,zdravotní sestra,M2
Janet REDMANOVÁ,washingtonský,SKIP
Der LEYENOVÁ,budoucí šéfka,M6
Jan ŠVEJNAR,think tank,M5
Salik HARD,grónská turistická organizace,M5
Sally DAVIESOVÁ,šéfka státního zdravotního ústavu pro,M6
Roman KOBLÁSA,produktový manažer,M5
Deb MCLAUGHLINOVÁ,včelařka,M2
Rita UEDA,hudební skladatelka,M2
Monika HERTLOVÁ,projekt na čištění moře,M5
Jerry BROWN,kalifornský guvernér,M6
Konference OSN,o klimatu v polských,SKIP
Anthony COSTELLO,obor udržitelného rozvoje,M3
Penny SHARPEOVÁ,stínová ministryně životního prostředí,M6
Klaus IOHANNIS,rumunský prezident hostitel summitu,M6
Barbora LOSKOTOVÁ,hydrobioložka,M3
Vítězslav KREMLÍK,klimaskeptik,M4
Kreta KAINGANG,vůdce domorodého kmene v,M5
Igor GIRKIN STRELKOV,ruský nacionalista předák separatistů,M6
Valentin LEVKOVSKIJ,psovod,M2
Karel ŠÍMA,pošťák,M2
Henrique PERREIRA,obchodník z,M2
Peter BOORMAN,astrofyzik,M3
Viktorie TENZEROVÁ,organizátorka festivalu,M5
Pavel ŠAMONIL,dendrochronologická laboratoř,M3
Hillary CLINTONOVÁ,uchazečka demokratů o prezid,M6
Ivan RYNDA,sociální a kulturní ekolog katedra,M3
Ko BARRETOVÁ,spolupředsedkyně,M5
James KIMARU,strážce,M2
David BOREK,blízkovýchodní zpravodaj,M1
David HANSLIAN,autor studie,M3
David HANSLIAN,ústav fyziky atmosféry,M3
Schillerová ANO,plánuje že recidivu pachatelů omezí,SKIP
Samotné ČSSD,a samotní představitelé kteří tam,SKIP
Sibiu EU,chce demonstrovat jednotu a debatovat,SKIP
Shaun WEST,lincolnshirská policie,M6
Severovýchod USA,čeká přívaly sněhu,SKIP
Severovýchod USA,obecně vlastně severovýchodní polovina,SKIP
Dave BOOKSA,popelář,M2
Dav OK,ty například jsme přece je,SKIP
Sepp RIESER,pastevec,M2
David MICHALČÁK,pokrývač,M2
Schillerová ANO,a sociální demokracie v programovém,SKIP
Sebastián PINERA,chilský prezident,M6
Sergej ABANIN,ruské ministerstvo pro mimořádné události,M6
Schan SU ŤIJ,barmská státní poradkyně ministryně zahraničí,M6
Sea IS,dnes vlnění,SKIP
Sdružení SOVAK,zastupuje jak vlastníky tak provozovatele,M5
Scott LONG,krizové řídící centrum,M5
Senátoři STAN,se obrátili na,SKIP
David CAMERON,britský konzervativní premiér,M6
Sekretariát OSN,na moči provádí nemám pravomoci,SKIP
Roberto COSTABAL,kuchař,M2
Roger SORKIN,režisér dokumentu,M1
Role USA,v boji proti klimatickým změnám,SKIP
Divák KH,se ptá na webu,M2
Divák MD,ptá se za starých časů,M2
Divák MD,se ptá ještě na jedno,M2
Rolf DENSING,operační ředitel,M5
Roman DYMÁČEK,hlavní inženýr divize,M5
Rozpočet EU,pro příští rok,SKIP
Roman SPURNÝ,správce ledové plochy,M2
Rudolf KOVAŘÍK,pozorovatel,M1
Sergi GIRONA,provozní ředitel,M5
Rusko OSN,dá se vůbec nerespektuje,SKIP
Rusové IT,často prostě ze země odcházely,SKIP
Denisa ZBĚHLÍKOVÁ,chovatelka,M2
Dawood AHMADZAL,uprchlík z,M2
Deborah MASHIBINIOVÁ PRIOROVÁ,volička,M2
David SNIDER,kapitán ledoborce,M2
Sam MAXEY,nový vyznavač veganství,M2
Sadiq KHAN,labouristický starosta,M6
Sajed NOMAN,prodavač textilu,M2
Sakshi GADUROVÁ,indická dívka,M2
Saleemul HUQ,vyjednavač z,M6
Samotná CDU,a kancléřka také řeší svou,SKIP
Ruml OK,za informace,SKIP
Stefano BOERI,architekt staveb,M5
Stefano VIO,gondoliér a potápěč,M2
Daniel MAURICIO,starší kmene,M2
Daniel BAREŠ,agrometeorolog,M3
Daniel SZÓRÁD,odvolaný generální ředitel,M5
Daniel POŠTA,designér šperků,M2
Daniel SKÁLA,cimbálista,M2
Dalila JAKUPOVIČOVÁ,tenistka,M2
Dan BÁRTA,zpěvák a amatérský entomolog,M2
Dale STURROCK,bratr,M2
Dale VINCE,ekologická firma,M5
Rodrigo ROCHAS,ale také minul branku a,SKIP
Steve GREEM,projekt na čištění moře,M5
Summit OSN,o klimatických změnách,SKIP
Summit OSN,o změně klimatu,SKIP
Stream II,a překlenuje to hnědouhelnými elektrárnami,SKIP
Stutox II,a to na povrchu půdy,SKIP
Sven DEUBLER,německá civilní ochrana,M6
Svenja SCHULZEOVÁ,spolková náměstkyně ministryně životního prostředí,M6
Summit EU,a asijských zemí,SKIP
Summit EU,a britské volby,SKIP
Summit EU,se shodl na víceletém rozpočtu,SKIP
Tak ČSSD,samozřejmě to říká tady pan,SKIP
Steve FORREST,biológ,M3
Sie ČEN CHUA,hlavní čínský vyjednávač v oblasti,M6
Dave THOUP,britské ministerstvo životníh prostedí,M6
Sigurdur ERLINGSSON,správce parku,M5
Sileši BEKELE,etiopský ministr pro vodohospodářství a,M6
Sonya PEMBERTON,režisérka,M2
Skotka OK,palmový olej palmu palmu olejnou,SKIP
Skotská BBC,hledala moderátora pro dokument o,SKIP
Skupina PGE,chce v místě těžit až,M5
Skupiny ČEZ,pro severní,SKIP
Soudce US,řekl že soud se zabýval,SKIP
Sledování ČT,sport dobrý den,SKIP
Steve BRAY,odpůrce brexitu,M2
Snahou OSN,je proto přimět světové lídry,SKIP
Snahu OSN,proto přimět světové lídry aby,SKIP
Daniel VÍTEK,policejní mluvčí,M1
Spojence NATO,podporují,SKIP
Spojenci NATO,se připravují na dlouhodobé poskytování,SKIP
Společnost OKD,se loni odvolala,SKIP
Společnost ČEZ,uvolnila pro ukrajinské uprchlíky,SKIP
Správa OSN,počítá i s katastrofickým scénářem,SKIP
Stella PAPADIMITRIOSOVÁ,šéfka produkce vinice,M5
Starostka PECKOVÁ,jak mám jako starostka zařídit,M6
Stanislav JURÁNEK,tehdejší jihomoravský lídr strany,M6
Susan HARTYOVÁ,evakuovaná z,M2
Slovensko ČR,také právě proto že jsou,SKIP
Pokud ČSSD,ustoupí tak bude v té,SKIP
Polsko ČR,tady,SKIP
Poslankyně ODS,paní,M6
Poslední CDU CSU,doskočili sociální demokrati,SKIP
Pospíšila ANO ODS,o tom se hovořilo už,M6
Považoval NDR,za to lepší,SKIP
Eva BOGOEVSKÁ,houslistka ze,M2
Rada EU,plus předseda a potvrdit to,SKIP
První GSM,mobily,SKIP
Předal ČTÚ,je volant éry,SKIP
Předpověď MMF,o zpomalení ekonomiky,SKIP
Summit NATO,byl svolán spíše jako přípravný,SKIP
Radek PASTRŇÁK,zpěvák kytarista,M2
Radek SOUKUP,výzkumní,M5
Přes EIA,to nelze udělat to je,SKIP
Připomenu EU,má přes půl miliardy obyvatel,SKIP
Přišel COVID,samozřejmě pokles finančních prostředků do,SKIP
Evo MORALES,bolivijský prezident,M6
Eva PERNICOVÁ,lékařka,M3
Radek PASTRŇÁK,zpěvák a kytarista,M2
Emilia DE KAVALIJERIHO,je nejstarším podobným dílem a,SKIP
Elijah GICHURU,výzkum a patologie rostlin,M3
Eliška SÁČKOVÁ,pořadatelka členka hnutí,M5
Předseda KDU ČSL,a vicepremiér,M6
Podle ODS,by takový krok podpořil podnikání,SKIP
Podle OSN,byl minulý měsíc vůbec nejteplejším,SKIP
Podle OSN,extrémy způsobují v zasažených státech,SKIP
Podle OSN,je možné kritický nedostatek vláhy,SKIP
Falcon SCOTT,britský polárník poslední záznam v,M2
Evropa ČTK,získala rozvíjela tuto možnost technicky,SKIP
Experti OSN,odhadují že bychom dokonce v,M3
Eva VOJTOVÁ,scénáristka,M2
Eva ČAPKOVÁ,čtenářka,M2
Evan QUARTERMAIN,záchanář,M2
Evelin HERNANDEZOVÁ,svědkyně útoku,M2
Problémy OSN,na místě nevyřeší ale obrátí,SKIP
Fahri TUNC,fotograf aktivista,M5
Falci CDU,skončila druhá i přesto že,SKIP
Falcon SCOTT,britský polárník,M2
Počasí ČT,tam chodí hlavně fotografie kde,SKIP
Podle UNESCO,ohrožovaly stabilitu podloží,SKIP
Podle USA,je v,SKIP
Podle ČSSD,je totiž kvůli podfinancování v,SKIP
Poháru EHF,doma zdolali posílené,SKIP
Pojezný KSČM,a návrh státního rozpočtu s,M6
Pojezný KSČM,podporovala tuhle vládu,M6
Pokračujeme SPORTEM,dobrý den,SKIP
Pro ČEZ,i pro celé,SKIP
Pokud PS,pošle všechna jména prezident to,SKIP
Donald TUSK,odstupivší předseda,M6
Donald TUSK,stávající předseda,M6
Donna GUILLAMOTOVÁ,evakuovaná z,M2
Dopolední SPORT,je připraven dobrý den,SKIP
Dorjsuren ADIYA,družstvo,M2
Diváky ČT,bych pozval na scénu,SKIP
Dny NATO,nabízejí letos rekordní množství techniky,SKIP
Dita CHARANZOVÁ,zvolená místopředsedkyně,M6
Divák DAYD,se ptá jaká byla,SKIP
Do UNESCA,chce,SKIP
Dolu ČSM,je teď kolegyně,SKIP
Radim DRAGOUN,okresní státní zástupce,M6
Diváka ANTI,zajímá odpovíme jenom stručně pod,SKIP
Diváka SK,zajímá jaké problémy kvůli sněhu,SKIP
Richard BRABEC,vícepremiér ministr životního prostředí,M6
Do NHL,se podíval až ve,SKIP
Robert CAMPOVERDE,plukovník ekvádorské armády,M6
Richard STADLER,klient družstva,M2
Richard ZÁRUBA,statutární ředitel firmy,M5
Devin NUNES,republikánský kongresman,M6
Dimitris AVRAMOPULOS,eurokomisař pro vnitro,M6
Dirk JANSEN,německá federace pro ochranu přírody,M5
Denis GARBUTT,včelař,M2
Divák SK,ptá se jestli se může,SKIP
Energa SA,cest,SKIP
Radim TOLASZ,klimatolg,M3
Radek ČERNÝ,poškozený řidič z,M2
Erdenee BATZORIG,společnost pro ochranu životního prostředí,M5
Eric BROTHERTON,oběť záplav,M2
Eric TRUMP,syn prezidenta,M2
Erik BOLANOS,kostarický farmář,M2
Emmanuel MACRON,nezávislé hnutí,M6
Dárcovskými DMS,zprávami budou moci na konto,SKIP
Díky LNG,z celého světa,SKIP
Dorjusen ADIYA,družstvo,M5
Richard BORTIS,horský průvodce ve švýcarských,M2
Radě EU,takže ono to není úplně,SKIP
Ram PATEL,stoupenec indického premiéra,M2
Rami MIZRACHI,správce přístaviště u,M5
Randy HOLT,kapitán ponorky,M2
Ray MICHALKO,bývalý policista,M2
Ejasu KATHELO,pěstitel kávy,M2
Renata MATOUŠKOVÁ,staniční sestra,M2
Robert HABECK,spolupředseda,M6
Reportéři ČT,a ti využívají toho strachu,SKIP
Reportéři ČT,v tomto týdnu uvedli že,SKIP
Rašíd DŽAKAIL,syrský uprchlík a otec utonulého,M2
Reakce EU,na zvolení,SKIP
Rady EU,v druhé polovině příštího roku,SKIP
Babiš ČSSD,již vládnout,SKIP
Vladimír VALENTA,hlavní hygienik,M6
Vladimír WAGNER,jaderný fyzik,M3
Barack OBAMA,amererický prezident,M6
Barbora BARCALOVÁ,advokátka,M5
Antonín OSIČKA,zemědělské družstvo,M5
Vláda ODS,postupně slábne přichází zprávy o,SKIP
Arnold KING,bahamský meteorologický úřad,M5
Volker TREIER,německá průmyslová a obchodní komora,M5
Vratislav MYNÁŘ,kancelář prezidenta republiky,M6
Vsetína ORP,část a podobně nemají na,SKIP
Wan AZÁZAHOVÁ,malajsijská vicepremiérka,M6
Arsenij JACEŇUK,ukrajinský premiér,M6
Audi BMW,pro ty by to byla,SKIP
Augustin BERMEJO,lesní inženýr,M3
Arias CANETE,eurokomisař pro otázky klimatu,M6
Anna HUBÁČKOVÁ,navrhovaná ministryně životního prostředí nestr,M6
Anna JEVSTRATOVOVÁ,organizátorka,M5
Ann CARLSONOVÁ,právnička,M5
Annapaola LAVENOVÁ,kavárnice,M2
Ano ALDE,určitě může vstoupit do hry,SKIP
Ano NATO,je platformou důležitou platformou pro,SKIP
Václav HAVEL,bývalý česko slovenský prezident,M6
Babiše ODS,ji nepodpoří teď premiér jedná,SKIP
Bob KOPP,spoluautor zprávy,M5
Bohdan LOJKA,agrolesník,M2
Vaso DIMITRAKOPOLUOVÁ,postižená požárem,M2
Vaso VLACHOUOVÁ,protiamerická demonstrantka,M2
Vedení EU,bude jednat s prezidentem,M6
Vedení KDU ČSL,schválilo koaliční smlouvu,M6
Vedení ODS,nyní usiluje o jejich propuštění,M6
Bohuslav SOBOTKA,český premiér,M6
Victor MANJARREZ,bývalý americký pohraničník sektor,M2
Bernie SANDERS,demokratický podporovatel,M6
Bez CEITEC,by nebyl zde tak silný,SKIP
Ač API,k nám nebo řada čápů,SKIP
Virus HIV,patří vlastně k nejzkoumanějším biologickým,SKIP
Viktor PORTEL,spoluautor projektu,M5
Vladimir KARA MURZA,ruský opoziční aktivista,SKIP
Bitney CRONE,dokument,M2
Blanka SVOBODOVÁ,bývalá zaměstnankyně,M2
Bloomberg NEF,když to budu citovat přesně,SKIP
Bin SALMAN,saúdskoarabský princ,M6
Barbora SVÓBODOVÁ,spoluorganizátorka akce,M5
Bedřich MOLDAN,geochemik ekolog bývalý ministr životního,M3
Vladimír KOBLÍŽEK,přednosta plicní kliniky,M3
Bendle OSN,jak jsem o ní mluvila,SKIP
Bartoška KDU ČSL,a vicepremiéra za hnutí,M6
Violeta TOMIČKOVÁ,slovinská poslankyně,M6
Zbyněk PAVLAČÍK,organizátor spolek,M5
Zbyněk MIKULICA,silničář řidič posypového vozu nesrozumitelné,M2
Podle NKÚ,také některé mechanismy ve vedení,SKIP
Zavádění EET,do života je ve,SKIP
Zástupci ČSSD ANO,a lidovců dokument podepsali,M6
Andreas GAJDOŠÍK,finalista,M2
Andrej BABIŠ,designovaný premiér předseda hnutí,M6
Zbyněk STANJURA,nově zvolený,M6
Zdenka POLACHOVÁ,cestující,M2
Zastupuje OSN,v otázce změn klimatu,M6
Zavedení EET,nám přináší komplikace technické ne,SKIP
Václav HAVEL,tehdejší český prezident ukázka ze,M6
Anahi CORDEROVÁ,veterinářka,M5
Werner KOGLER,vicekancléř,M6
Wubbo OCKELS,iniciátor akce bývalý astronaut,M3
Allison MACFARLANOVÁ,odborný časopis pro jaderné vědce,M3
Ali GUFU,pastevec uživatel aplikace,M2
Alvin SMITH,vynálezce zařízení,M2
Amarjit SANGH,odpůrce indického premiéra,M2
Zachraňme ČSSD,mluví i o rekonstrukci vlády,SKIP
Zachraňme ČSSD,přišla v úterý s několika,SKIP
Americká NASA,zjistila že ledovce na,SKIP
Amir WEIZMAN,podmořský dokumentarista,M1
Washingtonu DC,s nimiž jsme se podíleli,SKIP
Václav HLAVÁČ,agentura ochrany přírody,M5
Anna ŠARATŠICHOVÁ,potápěčka,M2
Andrew FEUSTEL,astronaut,M3
Anglie HDP,stouplo tak razantně tak si,SKIP
Ani JAR,typu no more,SKIP
Ani ODS,jste zapomněl říct,SKIP
Václav LENGOVIČ,dřevorubec,M2
Václav LIDICKÝ,výrobně technický ředitel,M5
Václav ČUBR,sdružení,SKIP
Václav ŠILHA,fotograf,M2
Václav SOJKA,strážce,M2
Za ČSSD,paní,SKIP
Vítězslav KOLEK,přednosta kliniky plicních nemocí a,M3
Xaví MATILLA,hlavní architekt barcelonské radnice,M5
Walter MARTOS,peruánský premiér,M6
Wang JIN ŤI,rolník,M2
Zdeněk PAZDERKA,zahradník,M2
Zdeněk ŠKROMACH,neúspěšný kandidát do,SKIP
Zdeněk ZVONEK,dokumentarista,M1
Alexandr OVEČKIN,útočník,M2
Zdeněk NEKUDA,navrhovaný ministr zemědělství,SKIP
Zac TUDOR,krajinářský architekt,M5
Šéf ČS,měl by mít lékaři možnost,SKIP
Za ČSSD,tu máme,SKIP
Věra JOUROVÁ,budoucí místopředsedkyně,M6
Tim COLE,hudební producent a dokumentarista,M1
Tereza VAČKAŘOVÁ,čtenářka,M2
Tino CHRUPALLA,volební lídr,M6
Christopher DOBSON,biochemik profesor chemické a strukturální,M3
Christian TORRES,kuchař,M2
Titaniku II,mají doplout až do cíle,SKIP
To DPH,je potřeba taky vyjednávat v,SKIP
To NATO,to ví už nejméně,SKIP
Todd FRERICHS,zaměstnanec,M2
Tom PHILIPP,přednosta,M5
Tim COLE,hudební producent dokumentarista,M1
Bob KOPP,spoluautor zpráv,M1
Clara GOLDSMITHOVÁ,organizace,SKIP
Tom STEYER,filantrop obchodník,M2
Tomasz LAMIK,samospráva,M6
Chartou OSN,především na základě principu rovnosti,SKIP
Chartu OSN,je nutné služba a ujišťuji,SKIP
Chartu OSN,to je vlastně zakládající listina,SKIP
Centru ICRC,zase vzniká výzkumný tým který,SKIP
Cezary PONIATOWSKI,autor díla,M2
Cezary PRZYBYLSKI,maršálek,M6
Charty OSN,a to to volalo že,SKIP
Charty OSN,budovali,SKIP
Timur ZAMILOV,výrobce cínových vojáčků,M2
Takže ANO,do budoucna,SKIP
Tam NKÚ,nenašel pochybení,SKIP
Svět CNN,dobyla v roce,SKIP
Sylva MAŠÍNOVÁ,soudkyně,M6
Ta OKD,následně přeprodala firmě,SKIP
Ted MAKSYM,oceánografický ústav,M3
Tanaka OV,bylo,SKIP
Taťána FISCHEROVÁ,občanská aktivistka,M5
Tak IPCC,není výzkumná instituce,SKIP
Tak KSČM,byla první stranu která by,SKIP
Tak SPD,se také chová populisticky jo,SKIP
Tia NELSONOVÁ,dcera zakladatele,M2
Tchang KUO ČCHAING,zvláštní vyslanec čínského ministra zahraničí,M6
Te VELTHUIS,šéfkuchař,M2
Czech ADAPT,a prezentujeme na klimatickezmene,SKIP
Cíle ČEZ,do roku,SKIP
Clarkson BBC,nebo ona jeho,SKIP
Claude JUNCKER,končící předseda,M6
Colin BUTFIELD,mediální manažer,M1
Thanh THUY,sousedka strženého domu,M2
Tehdy OSN,obvinil z toho že společenství,SKIP
Temelín ČEZ,je v zisku a může,SKIP
Ten ASEK,to předpokládá protože to co,SKIP
Teplicím FCSB,odehrálo utkání v domácí soutěži,SKIP
Což ČT,netvrdila,SKIP
Tomáš SLAVKOVSKÝ,marketingová ředitel,M5
Brooklynu AIDS,skáče se vám,SKIP
Broumov OKD,další protože bohužel,SKIP
Tony APPLETON,fanoušek monarchie neoficiální vyvolávač,M2
Tomáš VYHNÁNEK,odborný as,M3
Tomáš VĚTROVSKÝ,bioinformatik,M3
Třeba ODS SPD,nebo českým,SKIP
Třetí KSČM,je na,SKIP
Ukrajině AAA,vlastně rozruch krajů a ten,SKIP
Trudy PAAPOVÁ,vedkyně z univerzity v,M3
Trump KLDR,je světovým problémem,SKIP
Charty OSN,jsem ujištěna přesvědčen o tom,SKIP
Tyler EDWARDS,obyvarel,M2
Tím ÚS,nenaznačuje jak má nakonec trestní,SKIP
Třeba EIA,když se na to zpracovává,SKIP
Vagelis GAVALAS,spolumajitel vinohrad,M5
Valentin KIRILOV,ruský pop,M2
Valerie MASSON DELMOTTEOVÁ,panel,M3
Ulrike SCHARFOVÁ,bavorská státní ministryně životního prostředí,M6
University NASA,nechá do planetky narazit vesmírnou,SKIP
Borut PAHOR,slovinský prezident,M6
Boris HEZZMANN,kapitán,M2
Vasilij ROGATYCH,škola námořní platby,M2
Turbulence ČT,to jsou stránky našeho našeho,SKIP
Charty OSN,když to takto jednoduchá volba,SKIP
Charty OSN,silnice která tak já se,SKIP
Chartě OSN,je napsáno že útočná agresivní,SKIP
Chartě OSN,na základě,SKIP
Chartě OSN,v roce,SKIP
Chris STARK,výbor por klimatickou změnu,M3
Tomáš KLUS,zpěvák,M2
Bude ODS,pro aby tímhle způsobem zainvestovala,SKIP
Bulka PIN,bydlo,SKIP
Buren ČIČIG,ekologická migrantka,M5
Byambasuren TOITOG,vůdce komunity v oblasti,M5
Tomáš ZAAL,praktický lékař,M1
Carola RACKETEOVÁ,kapitánka lodi,M2
Carolina ADLEROVÁ,spolupředsedkyně,M5
Carolina SCHMIDTOVÁ,chilská ministryně pro životní prostředí,M6
Caroline KENNEDYOVÁ,dcera,M2
Challanger CNN,jí jako jediná vysílala živě,SKIP
Brabec JE,host dnešního interview děkuju vám,SKIP
Brenda STEPHENSOVÁ,zaměstnankyně pošty ve městě,M2
Tomáš TELENSKÝ,dobrovolný spolupracovník v terénu,M5
Tomáš TRNKA,správce parku veřejné zeleně města,M5
Britské HDP,by letos mohlo klesnout až,SKIP
Británii AKO,už ne členem,SKIP
Brně ICRC,a nemocnice v,SKIP
Carlen PHILIPP,hoteliér,M5
Matt DUNBABIN,vynálezce robota,M5
Kamala HARRIS,zvolená viceprezidentka,M6
Matěj PEKR,útočník,M2
Kacanobu KATO,vrchní tajemník japonské vlády,M6
Kamil VÁVRA,odlévač,M2
Kandidátem SPD,se stal jeho předseda,SKIP
Kapela MIDI,lidi vyhrála soutěž o nejlepší,SKIP
Jyri VILJANEN,kapitán ledoborce,M2
Julia EVEOVÁ TRUSTRAMOVÁ,šéfka marketingu asociace anglických vinařů,M5
Julianne BARBIERE,mezinárodní oceánografická komise,M5
Julien PERRIN,francouzský včelař,M2
Max WAKEFIELD,organizátor protestu,M5
Zdeněk PELDA,mykolog,M3
Meghan MARKLEOVÁ,vévodkyně ze,M2
Melanie ENGRAMOVÁ,výzkumná asistentka z,M3
Melina GATESOVÁ,manželka,SKIP
Melinda GATESOVI,prohlášení,SKIP
Mercedes RBS,slibuje dojezd,SKIP
Michael HOULT,australský jachtař,M2
Metoda PCR,potvrdila nákazu u tisíce,SKIP
Metody CRISPR,můžete dozvědět v rozhovorech s,SKIP
Michael KIDD,prvním muže žádajícího o azyl,SKIP
Michal HOZÁK,čtenář,M2
Josef HOLEŠ,nadlesní,M2
Michaela MAREČKOVÁ,rostlinná fyzioložka,M3
Juniorské ME,v silniční cyklistice otevřela ženská,SKIP
Koalici SPOLU,by podle průběžných informací mohlo,SKIP
Koaliční ČSSD,ho nepodpořila projedná ho až,SKIP
Komisariát OSN,pro uprchlíky nebo,SKIP
Konference OSN,o globálním oteplování,SKIP
Konference OSN,o klimatických změnách se prodlouží,SKIP
Konference OSN,o změnách klimatu ve,SKIP
Kongresu OSN,nebo ve,SKIP
Ko BARRETTOVÁ,vicepředsedkyně,M6
Martin POVEJŠIL,český velvyslanec při,M6
Katarína SENDECKÁ,analytická chemička,M3
Kdy MPO,tedy vypsalo jakousi socioekonomickou nebo,SKIP
Kdyby ČSSD,z vlády odešla kdyby se,SKIP
Martina VAŠÁKOVÁ,přednostka pneumologické kliniky,M3
Kerem ATATUN,asistent vedoucího projektu na ochranu,M5
Klaus JOHANNIS,rumunský premiér hostitel summitu,M6
Klub KSČM,nepodporuje tuto normu tak vraťme,SKIP
Kevin JOHNSON,válečný veterán,M2
Keystone XL,tedy ta nová trubka jen,SKIP
Karel PEŠÁK,spolumajitel,M5
Martin ZAVRTÁLEK,metodik ochrany lesa,M5
Martin TOBOLKA,obsluha lanové dráhy,M2
Karla IV,který,SKIP
Karel ŠROL,tiskový odbor,M1
Kate SHEFFEROVÁ,národní akvárium v,M5
Martina NAVRÁTILOVÁ,tenistka,M2
Kim DO HYEON,vůdkyně demonstrací v,M5
Michelle BACHELETOVÁ,vysoká komisařka,M6
Michelle OBAMOVÁ,bývalá prvá dáma,M2
Micheál MARTIN,irský premiér,M6
Miguel ARIAS CANETE,eurokomisař pro klima a energie,M6
Miguel ROMERO,hasiči,M2
Mikuláš MINÁŘ,organizátor protestů předseda spolku,M5
Jiří POVÝŠIL,paraolympionik,M2
Jiří PETERKA,cestující,M2
Jiří TERYNGEL,advokát soudkyně,M1
Jiří TUREK,radiologický technik,M2
Jiří HORSKÝ,hrázný,M2
Milan ŠÁLEK,hlavní metoorolog,M3
Michaela BABIŠOVÁ,iniciativa,M5
Jiří KOS,sekce ochrany a podpory veřejného,SKIP
Jiří KADEŘÁBEK,hudební skladatel,M2
Jirka MALÍK,občanské sdružení,M5
Milton PEREZ,inženýr,M2
Mimochodem USA,jsou druhým největším producentem s,SKIP
Jenže ŘSD,které tady zastupuje stát tenkrát,SKIP
Jeff LOPEZ,postižený hurikánem,M2
Jeremy CORBYN,opoziční lídr labouristů,M6
Jeremy CORBYN,vůdce labouristů britský parlament,M6
Jen FIA,je no tak ho,SKIP
Miroslav PÁLKA,dobrovolný hasič,M2
Jasmin DUREGGEROVÁ,ochránkyně přírody,M5
Milena DRDÁCKÁ,klientka družstva,M2
Josef LEPŠA,spoluautor projektu studio,M5
Judy FRYLANDOVÁ,chicagský magistrát,M6
Joseph MILLS,fotbalista klubu,M2
Josef STRAKA,organizátor festivalu,M5
John MCCAIN,republikánský prezidentský kandidát,M6
John WOJNOWSKI,oběť sexuálního zneužívání,M2
Joonas FRITZE,ochránce přírody,M5
John ZIZIULAS,metropolita pravoslavné církve řecký teolog,M6
John KERRY,zvláštní vyslanec pro boj proti,M6
Michail KREINDLIN,představitel ruské pobočky organizace,M5
Jonathan BRENT,vysokoškolský pedagog odborník na komunismus,M3
Jonathan EWING,podnikatel,M5
Michal ZEMAN,molekulární biolog,M3
Michal JAKUBEC,preparátor,M2
John GADDIE,kapitán hasičského odddělení prevence,M1
Joel KELOI,pastevec uživatel aplikace,M2
Joe PELLE,šerif,M6
Johannes TORPE,designér,M2
John CHRISTENSEN,autor zprávy,M1
Michal KŘEMEN,strážník městské policie,M2
John KERRY,zvláštní vyslanec prezidenta,M6
Michal POLANSKÝ,odtahová služba,M2
Michal RYBNÍČEK,dendrochronolog,M3
Michal RYGL,přednosta,M6
Michal SLOUKA,pozorovatel,M2
Jiří ŠTEFEK,cyklista,M2
Jones ES,un kódem a teplotě,SKIP
Čang KCHAJ PO,napadený,M2
Zástupce EK,pro oblast klimatu v,SKIP
Zástupci KDU ČSL,si odpoledne taky chtějí vyslechnout,SKIP
Zástupci USA,budou jednat s tureckým prezidentem,SKIP
Aleš CIGÁNEK,šéfkameraman,M1
Škoda ENYAQ,má zvládnout dnes přes,SKIP
Čang ČCHIEN,šéfka projektu pro kontrolování počasí,M5
Česká BIS,varuje opakovaně před zahraniční špionáží,SKIP
Úspěch CNN,ale nepřišel přes noc,SKIP
Úřad OSN,pro uprchlíky letošní favorité se,SKIP
Čang CHAJ PIN,pastevec z provincie,M2
Zemanova ČSSD,za podpory,SKIP
Ko BARRETTOVÁ,vícepředkyně,M6
Alena DOSTÁLOVÁ,hydrobioložka,M3
Zpráva EEA,o klimatu,SKIP
Zpráva EK,o přerozdělování migrantů,SKIP
Zpráva OSN,milionu druhů hrozí vyhubení,SKIP
Zpráva OSN,mluví o všech přírodních katastrofách,SKIP
Zpráva OSN,počítá s katastrofickým scénářem že,SKIP
Zpráva OSN,upozorňuje že rozmanitost se snižuje,SKIP
Zsolt SEMJÉN,designovaný maďarský vicepremiér pro menšiny,M6
Alena SEIBERTOVÁ,osoba,M2
Alena STOLÁŘOVÁ,hydroložka,M3
Alena ŽÁKOVSKÁ,oddělení fyziologie a imunologie živočichů,M3
Alex ALLEY,britský jachtař zdroj,M2
Alejandro NEYRA,peruánský ministr cestovního ruchu,SKIP
Washingtonu USA,a ona se představila jako,SKIP
Ali SUBAH,jordánské ministerstvo pro vodu a,SKIP
Alfonso VALENCIA,oddělení medicíny,M3
Štáb BBC,strávil týden s vojáky v,SKIP
Část CEITEC,kterou zajišťuje,SKIP
Čína USA,nebo,SKIP
Aigerim TOLEUKANOVOVÁ,kazašská novinářka působící v,M1
Šéf OSN,na klimatickém summitu vyzval státy,M6
Šéf ČSSD,se včera sešel s prezidentem,M6
Že KDU,ano ale je to deklaratorní,SKIP
Akta OVM,s ředitelem dopravní policie,SKIP
Aktech OVM,s předsedkyní,SKIP
Adrian FERNANDEZ,organizace,SKIP
Agentura AFP,píše o bezprecedentní mobilizaci,SKIP
Agniezska PAMASKÁ,opoziční poslankyně,M6
Agniezska POMASKÁ,opoziční politička,M6
Agniwzska POMASKÁ,opoziční politička,M6
Al SHARPTON,reverend aktivista,M5
Alberto TESSERIN,správce baziliky sv,M2
Akt OVM,přijal generální ředitel,SKIP
Adam REZEK,režisér,M2
Abdi ACHEGEI,nezisková organizace,M5
Abdul ABDI,neúspěšný kandidát konzervativců,M2
Abel MUSANA,ochránce národního parku ve,M5
Abiy AHMED,etiopský premiér,M6
Adelaide CHOKOEOVÁ,ošetřovatelka stromů v parcích,M2
Aktuálně ČR,je velmi úspěšná v tom,SKIP
Livia KLAUSOVÁ,manželka prezidenta,M2
Marek LOULA,vrchní ředitel,M5
Levice NATO,považujeme za úplně přežité a,SKIP
Leoš KUBELKA,sportovní rybář,M2
Lesy ČR,ale pro všechny vlastníky v,SKIP
Lesy ČR,obchodovaly se,SKIP
Lesy ČR,vybírají těžební společnosti na kalamitní,SKIP
Lesy ČR,vydaly,SKIP
Lesů ČR,které tak jak v té,SKIP
Mariana TELEKEŠOVÁ,organizátorka protestu,M2
Marie FIŽOVÁ,kronikářka,M2
Li HUEI LAN,sběračka čaje,M2
Alex MOTUKO,ochránce přírody žirafí centrum v,M5
Mariupolu AZOS,město dál brání,SKIP
Leonard KUNTZ,opravář,M2
Martin BARRY,architekt ředitel festivalu reSITe,M5
Mars MISSION,twitterový účet,SKIP
Ladislav HOLEŠ,odbor životního prostředí,M6
Kryscina CIMANOUSKÁ,běloruská atletka,M2
Kmotr VR,protože je to jeden z,SKIP
Kitty FERGUSONOVÁ,autorka životopisu,M2
Klaus IOHANNIS,rumunský prezident,M6
Martin KOPECKÝ,spoluautor studie,M3
Martin KUKUČKA,režisér,M1
Klára STOLINSKÁ,spoluorganizátorka akce,M2
Lenka FIERLOVÁ,sestra oběti,M2
Léčba HIV,jsou komplikovanější záležitost protože léčil,SKIP
Lídrem KDU ČSL,na jižní,SKIP
Lídři EU,o klimatu,M6
Lídři ODS,lidovců a starostů nové předsedkyni,M6
Maatiusi MANNING,inuitský námořník,M2
Luke PETERS,lovec humrů,M2
Lukáš JANOTA,autor oceněné diplomové práce,M2
Maira KELLERSOVÁ,demonstrují studentka,M2
Lucie CWIKOVÁ,lékařka,M3
Management ČEZ,se k tomu může nějak,SKIP
Mairi GOUGEONOVÁ,skotská ministrině životního prostředí,M6
Lucie SMOLKOVÁ,hnutí,SKIP
Light BENJAMIN,zpěvačka,M2
Lucie SMOLKOVÁ,spoluorganizátorka,M5
Manuel SANTOS,kolumbijský prezident,M6
Manuela SCHWESIGOVÁ,ministerská předsedkyně,M6
Luděk KŘEPELKA,kombajnista,M2
Marco VIANELLO,restaurátor,M2
Marcel KOLAJA,zvolený místopředseda,M6
Marcela KALUŽÍKOVÁ,obec,SKIP
Marcela ONDŘEJOVÁ,advokátka,M1
Marian JUREČKA,opoziční zastupitel,M6
Marco TEDESCO,observatoř,SKIP
Marek KVETAN,výtvarník,M2
Luc MÉLENCHON,hnutí,M6
Lidové REPUBLIKY,prohlášení,SKIP
Lucie SMOLKOVÁ,pořadatelka,M5
Hnutí DUHA,i osobní váš názor je,SKIP
Peter MCKENNA,šéfkuchař majitel,M2
Hnutí SPD,dále trvá na poměrném zastoupení,SKIP
Hnutí SPD,je zásadně proti zvyšování daní,SKIP
Hnutí ANO,pane,SKIP
Hnutí ANO,se nově rozhodlo že také,SKIP
Hnutí ANO,také navrhuje zákon o lobbingu,SKIP
Hnutí DUHA,a s nimi správce lesů,SKIP
Hnutí DUHA,ale my se snažíme aby,SKIP
Hnutí DUHA,dobrý večer,SKIP
Hector CORDOVA,důlní inženýr bývalý ředitel důlní,M5
Hasan MINHAJ,komik,M2
Mirto KIRUSIOVÁ,nezaměstnaná,M2
Hilda ANDERSONOVÁ PYRZOVÁ,sestra zmizelé dívky,M2
Grospiči KSČM,má nějaký konkrétní plán v,SKIP
Greenpeace DUHA,zástupci krajů a tak dále,SKIP
Greens EFA,jednoho z těch dvou kandidátů,SKIP
Gyile NEWMANOVÁ,svědkyně atentátu na,M2
Hagen KOHL,podporovatel,M2
Hamáčka ČSSD,trvá na dodržování ústavy celou,SKIP
Furt AP,svou,SKIP
Garnett HALL,veterinář,M3
Generation EU,je spojený s těmito agendami,SKIP
Generation EU,úspěšný musíme být jisti že,SKIP
Greens EFA,to jsou ty evropské vlastně,SKIP
Petr DOUBRAVSKÝ,spoluorganizátor protestu,M5
Iryna VEREŠČUKOVÁ,ukrajinská vicepremiérka,M6
Ishmael OTAGA,kávový farmář,M2
Pavel ZÁMYSLICKÝ,hlavní vyjednavač,M5
Pavel STOULIL,železniční expert fakulta dopravní,M3
Holding EPH,podnikatele,SKIP
Hnutí DUHA,které na to upozorňuje opakovaně,SKIP
Hnutí DUHA,na tisíc dvě stě lidí,SKIP
Hnutí DUHA,tak to by samozřejmě dalo,SKIP
Hnutí DUHA,to znamená že si představovali,SKIP
Hnutí DUHA,ve spolupráci s městem,SKIP
Hnutí DUHA,že by se pouze kácelo,SKIP
Hřiba PPP,projekty tedy formou spolupráce se,SKIP
Hnutí ANO,ale výtky odmítá,SKIP
Hnutí STAN,budou ve vládě zastupovat ministři,SKIP
Hnutím ANO,a vůbec jsme nekomunikovali s,SKIP
Pavla SVRČINOVÁ,hlavní hygienička,M6
Pavel ŠOLTYS,náměsek hejtmana,M6
India BROWNOVÁ,fanynka britské královské rodiny,M2
Hnutí ANO,bude za úspěch považovat když,SKIP
Hnutí ANO,má pak sedm mandátů no,SKIP
Hnutí ANO,navrhlo na posty místopředsedů,SKIP
Hnutí ANO,nechce zvedat daně ad,SKIP
Hnutí ANO,obsadilo hejtmanský post a spolu,SKIP
Heslo ODS,o zemi která vítězí je,SKIP
Peníze EU,pro hornické regiony,SKIP
Pekarová ADAMOVÁ,predsedníčka českej,M6
Hnutí SPD,v kampani sází na své,SKIP
Federika MOGHERINIOVÁ,šéfka evropské diplomacie oprava,M6
Petro POROŠENKO,ukrajinský prezident,M6
Fiet HAYUOVÁ,veterinářka,M3
Federica MOGHERINIOVÁ,šéfka unijní diplomacie,M6
Projevme EU,víc úcty a nekazme stále,SKIP
Protocol CAP,formát kdy je vlastně takový,SKIP
Proč ODS,musela sáhnout po člověku proč,SKIP
Pražská MHD,teď má v karanténě nebo,SKIP
Prezident USA,prohlásil že se za své,SKIP
Princ HARRY,vnuk britské královny,M2
Pro SŽDC,je výstavba vysokorychlostní železnice jednou,SKIP
Phillipe VAILLER,francouzský policista,M1
Giles EPONE,organizátor tábora tzv,M5
Program OSN,pro životní prostředí analyzují jejich,SKIP
Program ČSSD,spekulanti nechávají domy chátrat anebo,SKIP
Programu OSN,pro životní prostředí jste v,SKIP
Phillippe LAMBERTS,spolupředseda,M6
Phudoma ŠERPAOVÁ,vesničanka z,M2
Piráti OSN,není v tuto chvíli není,SKIP
Piráti OSN,vznikl jako výsledek druhé světové,SKIP
Pirátů ČSSD,hnutí,SKIP
Plus DPH,nezapomínejme,SKIP
Plán EK,na nižší emise,SKIP
Podle CVVM,převážil negativní postoj,SKIP
Podle NKÚ,ho kabinet využil jen jednou,SKIP
Prognózy OSN,o nějakých deseti miliardách v,SKIP
Petr MARTÍNEK,investiční ředitel,M5
František ZADINA,brig,SKIP
Frauke PATRYOVÁ,šéfka strany,M6
Frauke PETRYOVÁ,šéfka strany,M6
František SOUKUP,kapelník,M2
Gantsetseg CHIMEDTSERENOVÁ,konzultantka,M5
Frederik ŠPANER,provozní kavárna,M2
Fredrik SEJERSTED,norský vrchní státní zástupce,M6
Freitas MOHALLEM,organizátor,M5
Filipa KSČM,oceňuje že se je kabinetu,SKIP
Filipe KSČM,dlouhodobě a vy jste to,SKIP
Filippo GRANDI,vysoký komisař,M6
Petra HÁJKOVÁ,paleobotanička,M3
Petr VONDRÁK,veterinář z,M3
František BEZDĚK,kněz duchovní garant školy,M2
František SKÁLA,výtvarník účastník protestu,M2
František BOSTL,makléř,M5
Petr ŠTĚPÁNEK,architekt člen řídícího výboru,M5
Podle OSN,je to důsledek klimatických změn,SKIP
Podle OSN,je třeba výrazné omezení emisí,SKIP
Podle OSN,kvůli životnímu prostředí každoročně přijdou,SKIP
Podle OSN,se jejich počet za posledních,SKIP
Podle OSN,se klima vymklo kontrole a,SKIP
Podle OSN,stoupla průměrná teplota od roku,SKIP
Podle OSN,vzroste počet požárů,SKIP
Petra RAJSNEROVÁ,experimentální stanice,M5
Firma NWR,se proto teď chystá zavřít,SKIP
Jaroslav SOVEK,hospodář rybářského spolku,M5
Jaroslav MIKOLÁŠ,jedatel,M5
Navíc NKÚ,podle názoru našich expertů na,SKIP
Nancy REAGANOVÁ,manželka bývalého amerického prezidenta,M2
Naopak ODS,a komunisti chtěli podmínky účasti,SKIP
Neil BURDEN,příznivce brexitu,M2
Nejméně CD,i já antuku když už,SKIP
Naďa PROKOPOVÁ,poškozená řidička z,M2
Nedostatky NKÚ,zjistil i u příjemců,SKIP
Negativním PCR,testem se musejí všichni prokázat,SKIP
Jaroslav KOLAŘÍK,arborista,M5
Jari SALMINER,univerzitní profesor,M3
Jak SPD,tak i,SKIP
Jana TROJANOVÁ,organizátorka,M5
Nicola STURGEONOVÁ,skotská premiérka a předsedkyně,M6
Nicola STURGEONOVÁ,skotská první ministryně,M6
Nicola STURGEONOVÁ,vůdkyně,M6
Nicole HUNTEROVÁ,záchranná a rehabilitační bioložka,M3
Nicole STURGEONOVÁ,skotská premiérka,M6
Jaromír KUBŮ,kasteálán,M5
Noor SHUHADAHOVÁ,vládní zaměstnankyně,M6
Nicolás MADURO,venezuelský prezident,M6
Nikolaj LEVKOVSKIJ,psovod,M2
Nová ODS,ani náhodou,SKIP
Nové OZE,se tu nestaví už výrazně,SKIP
Jana ČIKINOVÁ,rozhodčí,M2
Mitch MCCONNELL,vůdce republikánské menšiny v,M6
Miroslava PLŠKOVÁ,geologická pracovnice,M3
Mmadi REUBEN,vrchní veterinář botswanských národních parků,M5
Mnislav ZELENÝ,etnolog spisovatel,M3
Jeho CNN,je ale dnes jedním z,SKIP
Jeho PIN,spis dřív,SKIP
Jekatěrina JAKOVLEVOVÁ,pořadatelka akce,M5
Jel ODS,sahá,SKIP
Jason LYALL,univerzita v,M3
Moses AKORLI,ghanský rybář,M2
Moskevské CSKA,nakonec přehrálo,SKIP
Mohammad TAREF,pěstitel banánů,M2
Jaroslav PEKÁREK,observatoř,SKIP
Monika BEJČKOVÁ,lesní,SKIP
Mostafa SILÍTOVÁ,egyptské ministerstvo pro vodní zdroje,M6
Motonobu KIMURA,jihokorejský obchodník s rybami,M2
Muchar ABLJAZOV,bývalý kazašský ministr v exilu,M6
Muhammad NAŠÍD,bývalý maledivský prezident,M6
Muhammad NAŠÍD,odstupující prezident,M6
Mulyani INDRAWATOVÁ,indonéská ministryně financí,M6
Má OKD,vůbec šanci se z dluhu,SKIP
Na CNN,teď uveřejnili jeden z průzkumů,SKIP
Na EU,připadá jak už tady zaznělo,SKIP
Na ISS,má finance,SKIP
Na SZDČ,se mají teď snášet požadavky,SKIP
Na ÚP,způsobují civilní oběti protože ten,SKIP
Molu ČOI,se sahající to už,SKIP
Jan KYSELA,ústavní právník,M3
Osamu OKAMURA,architekt a urbanista,M5
Ostravak ANO,předložilo dodatečné požadavky týkající se,SKIP
Jan ROVENSKÝ,organizátor pochodu,M5
Jan NOVOTNÝ,prodejce stavebního řeziva,M2
Pan HAVLAS,manžel,M2
Panaiotis SILIAIDIS,postižený požáry,M2
Paolo VIELMO,inženýr,M2
Patrick CAREY,tamní obyvatel,M2
Papež FRANTIŠEK,nejvyšší představitel katolické církve,M6
Paris STEFANOUDIS,výzkumný institut,M5
Pascal CANFIN,iniciátor rezoluce europoslanec,M6
Nyoman SURYADIPUTRA,společnost na ochranu mokřadů,M5
Pat LACEYOVÁ,prapraneteř kapitána,M2
Paulo ARTAKSO,avtor poročila,M3
Paulo ARTAXO,hlavní autor zprávy,M3
Pavel BOJANOVSKÝ,včelař,M2
Paul NICKLEN,kanadský fotograf a biolog,M3
Jan BARTOŠKA,autor aplikace,M2
Pavel II,tehdy jeho popularita byla přes,SKIP
Jakub PFEIFER,veterinární lékař,M2
Jakub PŠENIČKA,provozní hotelu,M2
Jack KENNEDY SCHLOSSBERG,vnuk,M2
Jacques FLAMAND,veterinář divokých zvířat,M3
Jair BOSLONARO,zvolený prezident,M6
Jan KAJGR,chovatel,M2
Námořní INSTITUT,prohlášení,SKIP
Návrat USA,k pařížské klimatické dohodě,SKIP
Nissan LEAF,začínají zhruba na dvojnásobku,SKIP
Ochrany PŘÍRODY,oficiální zpráva,SKIP
Odpuštění DPH,by nejvíce pomohlo velkým odběratelům,SKIP
Odstoupení USA,od klimatické dohody,SKIP
Odstoupení USA,od pařížské dohody o boji,SKIP
Jan ŠVEJDAR,policejní prezident,M6
Olaf SCHOLZ,německý vicekancléř a ministr financí,M6
Oldřich ČÍŽEK,spolumajitel jídelny,M5
Názor EU,znáte,SKIP
Německá SPD,má nové vedení,SKIP
Osamu OKAMURA,architekt a kurátor,M5
Jana MACKOVÁ,půdní bioložka,M3
Jana HOŘEJŠÍ,vrchní sestra,M2
Jana JELÍNKOVÁ,zmrzlinářka,M2
Jan SEHNAL,hlavní inženýr projektu,M5
Jan ROYT,prorektor,M5
Oliver STEEDS,výzkumný institut,SKIP
On ESM,tedy evropský servisní,SKIP
Jan WOLF,odborný asistent,M3
Ondřej MONDEK,soused majitel pozemků v okolí,M2
Jan KRAJHANZL,autor výzkumu katedra enviromentálních studií,M3
Osvaldo STELA,nezisková organizace,SKIP
Ondřej ŠIROKÝ,kino,SKIP
Organizace OSN,vyzvala k mezinárodní pomoci,SKIP
Jana KALOUSOVÁ,čtenářka,M2
